net,length_um
_1967_,660.45
_2012_,552.57
_1936_,547.625
net156,516.725
_1840_,506.44
net43,476.38
_1982_,469.44
net47,465.51
net48,465.2
net49,463.31
net50,462.24
net46,459.25
net40,458.18
net42,457.22
_2179_,455.38
net44,452
_0417_,446.395
net41,445.99
net131,441.87
net297,441.48
clknet_2_0__leaf_clk_i,427.56
i_exec_stage.alu_out\[0\],421.85
i_exec_stage.alu_out\[1\],416.9
_1839_,409.37
net155,408.89
_1927_,405.38
net153,404.55
_2234_,403.46
net151,402.57
_0430_,402.32
_0411_,396.68
clknet_2_1__leaf_clk_i,393.87
net150,392.63
net144,387
_1198_,385.77
net154,384.68
net160,382.28
net137,381.88
net152,376.18
net133,372.615
_2207_,370.765
i_decode_stage.decode_state_o\[138\],366.785
net135,363.01
net145,358.59
clknet_2_2__leaf_clk_i,356.12
net138,355.23
net132,346.75
net159,342.68
_2042_,337.41
i_decode_stage.decode_state_o\[147\],336.03
net134,335.85
_0608_,334.61
net161,333.88
net147,332.64
net143,329.35
_0525_,327.85
net142,325.87
_0345_,325.59
net146,325.59
net158,321.68
_1156_,318.48
_0540_,318.14
_0460_,317.09
_1924_,316.68
_0424_,314.95
_0413_,314.91
net141,312.75
_0523_,311.11
net136,310.46
_2333_,310.1
i_decode_stage.decode_state_o\[139\],309.16
_0722_,308.8
net157,307.67
i_decode_stage.decode_state_o\[140\],304.185
_0707_,301.98
net139,301.68
net37,301.44
_0484_,300.46
_1158_,299.67
_0448_,298.215
_1838_,296.7
net291,295.25
net296,294.2
_0590_,290.87
_1929_,289.02
_0563_,288.1
net285,283.42
_0470_,282.74
net39,282.62
_0516_,280.08
_0617_,279.2
net140,277.56
_2336_,276.26
_0709_,275.41
_0343_,274.995
_0640_,274.22
_0346_,274.12
_0500_,273.93
_0478_,273.69
i_decode_stage.decode_state_o\[100\],273.65
_0603_,273.42
_0465_,271.26
_1199_,270.71
_0421_,269
_0551_,265.855
_0855_,262.9
_0622_,262.26
clknet_0_clk_i,261.97
_1928_,261.83
_0422_,258.34
_0507_,257.99
i_decode_stage.reg_meta_o\[81\],257.835
_2341_,255.62
net283,255.25
net287,254.89
_1129_,252.94
_0662_,251.99
i_decode_stage.decode_state_o\[137\],251.82
net281,251.53
_0344_,250.98
clk_i,249.2
_0660_,249.13
_0464_,248.76
_0495_,247.02
_0453_,246.97
_1144_,244.665
net195,244.23
_0556_,243.81
_0528_,243.64
_0512_,241.53
net292,238.97
_0552_,237.54
net294,234.92
net282,234.635
_0568_,233.95
_0537_,233.92
i_decode_stage.decode_state_o\[0\],233.92
net280,228.81
_0386_,226.42
net290,225.72
_1020_,225.46
_0339_,224.96
_0794_,224.685
_0601_,224.66
net289,223.685
_0415_,221.93
_0676_,216.84
_0786_,216.625
net284,215.94
_0969_,212.83
i_mem_slice_stage.mem_state_o\[96\],212.06
_1030_,210.84
_0402_,209.51
_0384_,209.46
net293,209.01
_0328_,208.93
clknet_2_3__leaf_clk_i,208.62
_0776_,208.28
_0394_,207.81
_0419_,207.68
_0726_,204.88
_0961_,204.63
i_mem_slice_stage.mem_state_o\[99\],203.26
_0908_,202.63
net222,201.82
_0656_,201.53
_0672_,200.26
_0812_,199.49
_0381_,199.29
_0644_,197.47
_0330_,197.46
net38,197.44
_0387_,195.66
_0440_,195.47
_0671_,193.22
net200,192.05
i_mem_slice_stage.mem_state_o\[98\],191.42
_0741_,191.17
_0533_,188.19
_1688_,187.98
i_mem_slice_stage.mem_state_o\[97\],187.9
i_decode_stage.decode_state_o\[134\],186.6
_0519_,185.87
net253,185.565
i_decode_stage.decode_state_o\[46\],185.22
_0454_,184.62
net278,184.56
_0466_,184.34
_2048_,183.69
_0768_,181.94
_0932_,180.63
i_decode_stage.decode_state_o\[131\],179.83
net242,179.52
net279,179.26
_0547_,179
net211,178.76
i_mem_slice_stage.mem_state_o\[100\],178.62
_0347_,178.25
net228,177.97
net276,177.33
_1785_,176.44
i_decode_stage.decode_state_o\[130\],176.42
_2045_,173.16
net178,172.66
i_decode_stage.decode_state_o\[132\],172.64
_0986_,172.48
net227,172.14
clknet_leaf_10_clk_i,171.47
net255,170.54
_0532_,169.29
i_decode_stage.decode_state_o\[129\],169.19
_0730_,167.76
net225,166.86
net231,166.24
_0612_,166.23
_0336_,165.93
_0803_,165.67
_0488_,165.52
i_exec_stage.exec_state_o\[5\],164.85
net257,163.66
_2047_,163.52
i_decode_stage.decode_state_o\[45\],163.1
_0703_,162.35
_0582_,161.59
net256,161.43
i_mem_slice_stage.mem_state_o\[36\],160.3
_0455_,160.095
_0508_,159.18
_0452_,158.57
i_decode_stage.decode_state_o\[239\],158.25
_0596_,158.15
_0749_,158.11
net259,157.57
net263,157.53
_0473_,157.44
net274,157.37
net226,157.28
i_mem_slice_stage.mem_state_o\[82\],157.02
net196,156.92
i_mem_slice_stage.mem_state_o\[95\],156.14
net288,156.1
clknet_leaf_32_clk_i,155.92
i_decode_stage.decode_state_o\[22\],155.775
_0651_,155.32
_0667_,155.32
_0674_,153.81
net244,152.65
net60,152.6
net230,152.07
i_decode_stage.reg_meta_o\[43\],152.06
_0457_,151.98
clknet_leaf_14_clk_i,151.64
_0727_,151.515
net62,151.26
net203,151.24
net295,150.66
_1088_,150.2
i_decode_stage.decode_state_o\[47\],150.12
_0691_,149.685
_0451_,149.33
i_decode_stage.decode_state_o\[122\],149.22
_1204_,149.025
net246,148.96
clknet_leaf_38_clk_i,148.7
net229,148.1
net202,148.09
net258,147.54
_0604_,147.16
net271,146.86
net209,146.44
_0978_,145.68
i_decode_stage.decode_state_o\[126\],144.49
_0496_,143.98
_0578_,143.44
_0634_,143.06
_0666_,143.04
_0917_,142.49
_0575_,142.03
net265,142.01
_0630_,141.99
clknet_leaf_31_clk_i,141.56
_0759_,141.34
i_decode_stage.decode_state_o\[49\],140.36
net286,140.23
i_mem_slice_stage.mem_state_o\[93\],139.74
net216,139.4
_0479_,138.97
_0731_,138.62
net66,138.395
net267,137.62
net261,137.12
_0649_,137.1
net268,136.76
_1149_,136.7
_0633_,136.49
net270,135.78
i_decode_stage.fetch_state_i\[16\],135.16
_0664_,135.06
net243,134.86
net260,134.73
_0626_,134.38
net166,134.38
_0329_,133.88
_0650_,133.79
i_decode_stage.decode_state_o\[133\],133.53
net201,133.46
net266,133.12
i_decode_stage.decode_state_o\[118\],132.69
net262,132.3
i_decode_stage.decode_state_o\[124\],132.01
i_decode_stage.decode_state_o\[44\],131.98
_0864_,131.82
clknet_leaf_42_clk_i,131.66
_0751_,130.47
_0949_,130.26
_0404_,130
clknet_leaf_33_clk_i,129.715
i_decode_stage.decode_state_o\[241\],129.38
i_decode_stage.decode_state_o\[51\],129.35
i_mem_slice_stage.mem_state_o\[101\],127.72
net249,127.68
_1706_,127.64
_0679_,127.62
clknet_leaf_29_clk_i,126.74
net206,126.56
_1041_,125.88
i_decode_stage.decode_state_o\[123\],125.72
i_mem_slice_stage.mem_state_o\[90\],125.45
i_decode_stage.decode_state_o\[121\],124.88
net275,124.81
_0682_,124.33
_0541_,123.6
_0883_,123.44
net269,122.92
_0444_,122.7
i_mem_slice_stage.mem_state_o\[88\],122.64
_0565_,121.72
net57,121.42
_0712_,121.41
clknet_leaf_12_clk_i,121.3
_0358_,121
clknet_leaf_26_clk_i,120.72
_0743_,120.68
i_mem_slice_stage.mem_state_o\[91\],120.42
i_mem_slice_stage.mem_state_o\[94\],120.17
_1666_,119.82
net186,118.38
i_decode_stage.decode_state_o\[232\],118.32
net219,118.2
net264,118.09
net199,118.01
_0701_,117.86
_1208_,117.55
i_mem_slice_stage.mem_state_o\[102\],117.2
net248,117.12
net251,117.04
_0489_,116.74
_0689_,116.145
_0677_,115.76
_0548_,115.7
net272,115.32
_0605_,115.12
i_mem_slice_stage.mem_state_o\[92\],114.88
_0545_,114.77
i_decode_stage.decode_state_o\[233\],114.66
i_decode_stage.decode_state_o\[125\],114.31
net184,114.08
_0594_,113.85
_0645_,113.84
i_decode_stage.decode_state_o\[119\],113.76
_1475_,113.155
_0521_,113
_0589_,112.35
clknet_leaf_11_clk_i,112.3
i_decode_stage.decode_state_o\[7\],111.81
net254,111.6
_0467_,111.32
net277,111.32
net218,111.095
net220,110.88
_1782_,110.77
net245,110.62
_0357_,110.54
net33,110.48
net55,110.3
_0618_,110.2
_0655_,109.85
net204,109.82
_0720_,108.76
net188,108.68
_1780_,108.5
_0427_,108.395
_0620_,108.38
_0693_,108.32
clknet_leaf_39_clk_i,107.86
net208,107.78
net51,107.58
i_decode_stage.decode_state_o\[54\],107.08
i_decode_stage.decode_state_o\[128\],107.04
_0355_,106.84
net207,106.175
clknet_leaf_19_clk_i,105.8
clknet_leaf_3_clk_i,105.76
_1935_,105.62
clknet_leaf_25_clk_i,105.52
net193,105.51
i_decode_stage.decode_state_o\[238\],105.17
clknet_leaf_27_clk_i,104.81
_0324_,104.74
net250,104.39
_1459_,104.36
_0391_,104.18
_0382_,103.74
clknet_leaf_40_clk_i,103.62
_0695_,103.58
net53,103.54
clknet_leaf_28_clk_i,103.1
_0326_,103.02
_0733_,102.36
_1479_,102.195
i_mem_slice_stage.mem_state_o\[89\],101.92
i_decode_stage.decode_state_o\[120\],101.88
_0462_,101.745
i_exec_stage.exec_state_o\[8\],101.49
_1590_,101.32
net149,101.06
_0846_,100.74
net212,100.66
clknet_leaf_15_clk_i,100.56
i_exec_stage.data_fwd_o\[6\],100.54
_0638_,100.01
_0683_,99.28
i_decode_stage.decode_state_o\[21\],98.54
_0584_,98.53
i_decode_stage.decode_state_o\[52\],98.2
clknet_leaf_41_clk_i,98.2
clknet_leaf_0_clk_i,98.19
_1702_,98.18
_0945_,97.91
net148,97.86
_2029_,97.72
i_decode_stage.decode_state_o\[127\],97.7
_0829_,97.1
i_mem_slice_stage.mem_state_o\[86\],96.92
_0580_,96.53
_0341_,96.5
i_decode_stage.decode_state_o\[43\],96.32
i_mem_slice_stage.mem_state_o\[71\],96.18
_0832_,95.95
net192,95.8
_0526_,95.06
_1778_,95.045
_0446_,94.58
net59,94.515
_0663_,94.19
i_exec_stage.exec_state_o\[4\],94.18
_0559_,93.64
net54,93.36
_0560_,93.35
_1943_,93.26
_0615_,93.22
net52,93
net221,92.9
_0543_,92.72
_1298_,92.52
i_mem_slice_stage.mem_state_o\[12\],92.38
clknet_leaf_22_clk_i,92.32
i_decode_stage.decode_state_o\[48\],91.9
_1649_,91.32
net213,91.22
_1195_,91.07
clknet_leaf_1_clk_i,90.82
_0352_,90.8
net187,90.52
_0439_,89.31
i_decode_stage.decode_state_o\[59\],89.3
net194,88.46
net183,87.38
_0527_,87.34
net252,87.21
net171,87.1
clknet_leaf_30_clk_i,87.06
net58,87.02
_1315_,86.91
_1291_,86.9
_1829_,86.81
_0927_,86.75
_1216_,86.61
_0572_,86.56
i_decode_stage.decode_state_o\[53\],86.36
i_mem_slice_stage.mem_state_o\[13\],86.34
_0874_,86.3
net61,86.3
net205,85.36
net223,85.14
i_mem_slice_stage.mem_state_o\[72\],85.06
_0498_,84.65
_0735_,84.56
_2041_,84.54
i_mem_slice_stage.mem_state_o\[19\],84.35
i_decode_stage.fetch_state_i\[53\],84.16
clknet_leaf_8_clk_i,83.4
_1398_,83.36
i_decode_stage.decode_state_o\[50\],83.18
_0535_,83.07
_0497_,82.96
_0564_,81.71
_1326_,81.7
_1092_,81.43
i_exec_stage.exec_state_o\[1\],81.04
net185,81.04
_0838_,81
clknet_leaf_24_clk_i,81
_0852_,80.74
_1930_,80.48
_1627_,80.41
clknet_leaf_36_clk_i,80.4
_1940_,80.26
_0600_,80.11
_0461_,79.66
_0447_,79.605
clknet_leaf_18_clk_i,79.39
i_decode_stage.decode_state_o\[237\],79.22
net214,78.84
_0475_,78.42
_1937_,78.24
i_decode_stage.decode_state_o\[56\],78.14
i_decode_stage.decode_state_o\[236\],78.105
i_exec_stage.data_fwd_o\[9\],77.82
_0322_,77.66
i_mem_slice_stage.mem_state_o\[18\],77.64
i_decode_stage.decode_state_o\[41\],77.585
clknet_leaf_20_clk_i,77.44
i_decode_stage.valid_i,77.42
net64,77.38
net224,77.21
clknet_leaf_13_clk_i,77.12
net170,77.06
clknet_leaf_4_clk_i,76.96
_0713_,76.54
_1287_,76.33
clknet_leaf_44_clk_i,76.18
net210,75.9
_0809_,75.88
net215,75.615
_0493_,75.32
_2037_,75.275
_0529_,75.12
clknet_leaf_16_clk_i,75.12
_1393_,75.08
_0524_,74.78
_0474_,74.66
net198,74.64
_1396_,74.62
_2043_,74.6
_0481_,74.56
i_decode_stage.fetch_state_i\[12\],74.53
i_decode_stage.fetch_state_i\[2\],74.49
i_mem_slice_stage.mem_state_o\[74\],74.14
i_decode_stage.decode_state_o\[40\],73.965
_1074_,73.87
_0833_,73.545
net247,73.02
_0842_,72.765
_2067_,72.62
i_decode_stage.fetch_state_i\[3\],72.47
net126,72.46
clknet_leaf_43_clk_i,72.24
_1340_,72.12
i_decode_stage.reg_meta_o\[16\],71.88
net130,70.92
_1791_,70.8
_0468_,70.78
_0458_,70.75
_1238_,70.375
_2057_,70.24
_0723_,69.97
_0847_,69.95
_0503_,69.7
i_decode_stage.fetch_state_i\[57\],69.58
_0510_,69.56
net121,69.56
_0509_,69.48
_1110_,69.36
i_decode_stage.decode_state_o\[3\],69.06
_0841_,68.58
i_decode_stage.fetch_state_i\[54\],68.58
i_mem_slice_stage.mem_state_o\[26\],68.52
i_decode_stage.reg_meta_o\[72\],68.14
i_decode_stage.fetch_state_i\[6\],68.06
_0926_,68.02
i_mem_slice_stage.mem_state_o\[6\],67.76
_0480_,67.74
_2135_,67.42
net189,67.3
i_decode_stage.fetch_state_i\[63\],66.84
_0504_,66.67
_1837_,66.295
clknet_leaf_23_clk_i,66.26
_1313_,66.17
i_mem_slice_stage.mem_state_o\[10\],66.14
clknet_leaf_2_clk_i,66.07
i_decode_stage.reg_meta_o\[6\],65.94
i_exec_stage.data_fwd_o\[12\],65.79
i_decode_stage.reg_meta_o\[45\],65.75
_0553_,65.72
_0530_,65.65
i_decode_stage.reg_meta_o\[14\],65.64
i_decode_stage.reg_meta_o\[52\],65.46
i_decode_stage.reg_meta_o\[17\],65.22
i_mem_slice_stage.mem_state_o\[78\],64.88
_0393_,64.59
_0971_,64.4
_0938_,64.34
i_exec_stage.exec_state_o\[2\],64.13
_0542_,63.9
i_mem_slice_stage.mem_state_o\[7\],63.88
_0554_,63.84
_1032_,63.72
_1425_,63.71
i_mem_slice_stage.mem_state_o\[20\],63.62
i_mem_slice_stage.mem_state_o\[25\],63.52
net191,63.2
i_exec_stage.valid,63.19
net190,63.02
_0369_,62.9
_0534_,62.88
_1125_,62.64
i_decode_stage.reg_meta_o\[54\],62.62
clknet_leaf_5_clk_i,62.2
_1154_,62.16
_2063_,62.035
net169,61.98
_1022_,61.85
_0764_,61.755
_1810_,61.74
_1807_,61.73
_1588_,61.4
i_mem_slice_stage.mem_state_o\[16\],61.24
_1004_,61.02
i_decode_stage.decode_state_o\[63\],60.98
_2019_,60.72
_1119_,60.7
_1774_,60.43
_1443_,60.23
_0363_,60.16
_0665_,60.135
clknet_leaf_35_clk_i,60.12
net217,60.1
_1176_,60.07
_1409_,59.74
_1792_,59.56
i_decode_stage.fetch_state_i\[40\],59.52
_2069_,59.48
_1519_,59.24
i_decode_stage.decode_state_o\[240\],59.06
_0505_,59.02
_1554_,58.8
_0647_,58.78
_1710_,58.68
i_decode_stage.fetch_state_i\[8\],58.62
_0865_,58.48
clknet_leaf_34_clk_i,58.4
i_decode_stage.reg_meta_o\[44\],58.39
_1793_,58.28
_1171_,58.24
i_mem_slice_stage.mem_state_o\[17\],57.9
_1071_,57.88
i_decode_stage.decode_state_o\[68\],57.84
i_exec_stage.data_fwd_o\[13\],57.72
i_mem_slice_stage.pre_data\[14\],57.64
i_exec_stage.data_fwd_o\[16\],57.3
i_exec_stage.data_fwd_o\[3\],56.98
net9,56.98
_1434_,56.92
i_decode_stage.fetch_state_i\[52\],56.9
clknet_leaf_37_clk_i,56.86
_0374_,56.85
_0539_,56.64
i_decode_stage.reg_meta_o\[47\],56.515
i_decode_stage.reg_meta_o\[18\],56.46
_1813_,56.44
_1501_,56.28
_1335_,56.26
i_decode_stage.fetch_state_i\[55\],56.1
i_decode_stage.fetch_state_i\[62\],56.06
_1218_,56.04
i_decode_stage.reg_meta_o\[46\],55.95
_0593_,55.88
_1687_,55.88
_0954_,55.74
_1454_,55.6
i_decode_stage.reg_meta_o\[34\],55.54
_1932_,55.46
i_mem_slice_stage.mem_state_o\[27\],55.34
i_decode_stage.fetch_state_i\[49\],55.14
_1327_,55.12
i_mem_slice_stage.mem_state_o\[14\],55.02
i_mem_slice_stage.mem_state_o\[76\],54.9
_1523_,54.82
_1423_,54.72
i_decode_stage.decode_state_o\[71\],54.58
_1299_,54.57
_0320_,54.46
_1206_,54.15
i_decode_stage.decode_state_o\[234\],54.04
_2055_,54.02
_0661_,53.8
i_decode_stage.fetch_state_i\[10\],53.6
_1736_,53.58
net182,53.2
_1322_,53.06
_1580_,53.04
_1441_,52.95
_1281_,52.85
_1348_,52.68
_1060_,52.54
_1507_,52.52
_0334_,52.515
_1283_,52.24
_1392_,52.14
_1273_,51.88
_0979_,51.86
_2095_,51.8
_2061_,51.76
_1376_,51.72
_1834_,51.68
_1942_,51.66
_1241_,51.58
_0879_,51.38
clknet_leaf_6_clk_i,51.34
_1628_,51.305
_1183_,51.1
net71,51.1
i_decode_stage.reg_meta_o\[53\],51.06
net73,51.06
net116,51.04
_1765_,51
_0958_,50.96
_1476_,50.88
_0873_,50.82
_1112_,50.78
i_exec_stage.data_fwd_o\[7\],50.78
_0544_,50.76
_0748_,50.72
_1775_,50.72
_0853_,50.58
i_exec_stage.data_fwd_o\[14\],50.54
_0884_,50.3
_1637_,50.26
i_mem_slice_stage.mem_state_o\[87\],49.76
_0408_,49.74
_0983_,49.68
_1001_,49.66
_0619_,49.6
_0989_,49.48
i_exec_stage.data_fwd_o\[1\],49.48
i_mem_slice_stage.mem_state_o\[11\],49.48
_1815_,49.42
i_decode_stage.reg_meta_o\[13\],49.36
i_decode_stage.fetch_state_i\[42\],49.3
i_decode_stage.fetch_state_i\[47\],49.26
_0817_,49.1
_0377_,49.08
net95,49.02
_0925_,48.96
i_decode_stage.reg_meta_o\[35\],48.82
i_exec_stage.data_fwd_o\[11\],48.82
_0338_,48.8
_1106_,48.8
i_mem_slice_stage.mem_state_o\[8\],48.58
i_decode_stage.reg_meta_o\[73\],48.34
_1142_,48.31
i_decode_stage.decode_state_o\[64\],48.26
net94,48.24
_1152_,48.08
_0316_,47.92
i_decode_stage.reg_meta_o\[9\],47.78
_1683_,47.71
_0492_,47.7
_1607_,47.56
i_mem_slice_stage.pre_data\[11\],47.56
_1012_,47.52
_1300_,47.44
_1194_,47.32
_1544_,47.26
_0758_,47.2
_2053_,46.9
_1478_,46.88
i_decode_stage.reg_meta_o\[10\],46.8
_1087_,46.75
clknet_leaf_9_clk_i,46.74
net105,46.66
_1257_,46.6
_1599_,46.38
net19,46.24
_1143_,46.18
net16,46.1
_0972_,46.02
_1926_,46.01
_1288_,45.76
i_decode_stage.reg_meta_o\[19\],45.68
_2143_,45.46
i_decode_stage.decode_state_o\[67\],45.22
i_mem_slice_stage.mem_state_o\[5\],44.97
_1573_,44.83
_1358_,44.64
net168,44.44
_0561_,44.23
_0849_,44.1
_0746_,44.06
_1064_,44
rf_wr_reg_o[2],43.95
net103,43.86
net273,43.84
_0981_,43.76
_1790_,43.76
i_mem_slice_stage.pre_data\[5\],43.76
_1280_,43.74
_1735_,43.58
i_decode_stage.fetch_state_i\[4\],43.56
_1304_,43.52
_1223_,43.36
_0007_,43.22
_1105_,43.2
_0376_,43.15
_1303_,43.04
_0796_,42.92
_2138_,42.92
_0333_,42.8
rf_port2_reg_o[4],42.65
_1251_,42.62
i_decode_stage.decode_state_o\[70\],42.62
i_mem_slice_stage.pre_data\[1\],42.5
net85,42.5
_1179_,42.49
_0982_,42.36
_1436_,42.305
i_decode_stage.reg_meta_o\[22\],42.175
net36,42.14
_1365_,42.12
_0913_,42.1
_1522_,42.08
i_mem_slice_stage.pre_data\[13\],42.04
net10,41.98
_0779_,41.755
_1417_,41.755
net113,41.52
_1787_,41.36
_1222_,41.32
i_mem_slice_stage.pre_data\[2\],41.32
i_decode_stage.reg_meta_o\[55\],41.28
_1480_,41.27
net63,41.22
_0976_,41.13
_0379_,41.12
net175,41.12
_0959_,41.04
i_decode_stage.fetch_state_i\[58\],41
i_decode_stage.reg_meta_o\[66\],40.98
i_decode_stage.reg_meta_o\[58\],40.86
_1939_,40.62
_1913_,40.465
i_decode_stage.reg_meta_o\[7\],40.38
net167,40.36
_1228_,40.24
_1579_,40.16
i_mem_slice_stage.pre_data\[10\],40.1
net239,40.02
net17,39.87
_0782_,39.84
_0311_,39.82
i_decode_stage.reg_meta_o\[48\],39.76
rf_port1_reg_o[4],39.73
net90,39.72
_1809_,39.7
_0566_,39.68
_0826_,39.48
_0858_,39.45
net14,39.4
_0987_,39.36
_1879_,39.2
i_mem_slice_stage.mem_state_o\[15\],39.2
i_decode_stage.reg_meta_o\[12\],39.12
i_exec_stage.data_fwd_o\[2\],39.105
_0692_,39
_0738_,38.99
_0788_,38.94
net84,38.94
_2065_,38.92
net237,38.82
_0332_,38.8
i_mem_slice_stage.pre_data\[21\],38.78
i_exec_stage.data_fwd_o\[37\],38.46
_0710_,38.36
net98,38.3
_1485_,37.98
_0631_,37.96
_1137_,37.94
_1433_,37.86
_1374_,37.76
_1177_,37.6
_1278_,37.54
_1086_,37.44
i_decode_stage.decode_state_o\[69\],37.22
i_decode_stage.decode_state_o\[58\],37.02
_0773_,37.01
_1350_,36.99
_1504_,36.98
_0966_,36.92
i_decode_stage.reg_meta_o\[37\],36.86
_0754_,36.665
_1722_,36.66
_0405_,36.6
_1945_,36.6
i_mem_slice_stage.pre_data\[30\],36.54
_2049_,36.425
_1259_,36.38
net35,36.22
_0993_,36.17
_1489_,36.12
i_exec_stage.exec_state_o\[7\],36.1
_1647_,36.08
_1491_,36.04
_0935_,35.99
_2077_,35.945
dmem_addr_o[21],35.91
i_exec_stage.data_fwd_o\[4\],35.9
rf_wr_reg_o[0],35.75
i_decode_stage.reg_meta_o\[49\],35.62
_1312_,35.56
i_decode_stage.valid_o,35.52
_0990_,35.46
_0963_,35.34
_0964_,35.3
_0854_,35.26
_1375_,35.26
rf_port1_reg_o[2],35.13
i_mem_slice_stage.mem_state_o\[28\],35.12
i_decode_stage.reg_meta_o\[30\],35.04
i_decode_stage.decode_state_o\[66\],34.97
_1244_,34.86
i_mem_slice_stage.pre_data\[4\],34.76
_1416_,34.7
_0977_,34.66
_2125_,34.62
rf_port1_reg_o[1],34.55
_1481_,34.54
i_decode_stage.reg_meta_o\[68\],34.52
_0418_,34.5
_1455_,34.465
_0870_,34.46
net8,34.4
_0323_,34.34
i_decode_stage.reg_meta_o\[56\],34.34
net162,34.28
_0970_,34.24
_0988_,34.22
net110,34.18
_1557_,34.02
net122,34
_0378_,33.99
_0450_,33.94
_1703_,33.92
_1187_,33.9
_1370_,33.86
_1734_,33.86
_0494_,33.84
_0716_,33.74
dmem_addr_o[17],33.65
i_mem_slice_stage.mem_state_o\[81\],33.58
i_mem_slice_stage.pre_data\[29\],33.54
_0469_,33.5
_1065_,33.455
net70,33.42
_0839_,33.34
_1801_,33.19
i_exec_stage.exec_state_o\[59\],33.16
_1042_,33.02
_0844_,32.97
_0962_,32.74
_1115_,32.59
_0325_,32.5
rf_wr_data_o[6],32.45
i_decode_stage.reg_meta_o\[28\],32.44
_0592_,32.4
_0790_,32.355
_0924_,32.34
i_decode_stage.reg_meta_o\[59\],32.32
_0490_,32.2
i_decode_stage.reg_meta_o\[60\],32.14
i_decode_stage.fetch_state_i\[9\],32.12
_0752_,32.11
_1018_,32.08
_0881_,32.06
i_decode_stage.reg_meta_o\[61\],32
_1140_,31.96
net11,31.94
_0737_,31.925
_1565_,31.9
_0876_,31.84
_1571_,31.78
i_mem_slice_stage.pre_data\[9\],31.745
_0920_,31.66
_1145_,31.66
_0761_,31.58
_1188_,31.56
_1562_,31.54
i_decode_stage.decode_state_o\[27\],31.44
_1097_,31.42
i_mem_slice_stage.mem_state_o\[22\],31.42
i_decode_stage.reg_meta_o\[57\],31.36
net18,31.29
_1285_,31.26
_0753_,31.24
_0896_,31.2
i_decode_stage.decode_state_o\[13\],31.18
net86,31.18
_1138_,31.16
_1003_,31.14
_1090_,31.1
_0307_,31.05
_0951_,31.02
i_decode_stage.fetch_state_i\[56\],31
i_decode_stage.reg_meta_o\[27\],31
net118,30.94
_1102_,30.9
_1242_,30.84
i_mem_slice_stage.mem_state_o\[83\],30.84
_0728_,30.82
i_mem_slice_stage.pre_data\[23\],30.78
_0919_,30.62
_1399_,30.62
_1401_,30.62
_1593_,30.58
_1035_,30.53
_0546_,30.52
dmem_wdata_o[17],30.45
rf_port1_reg_o[0],30.41
i_decode_stage.fetch_state_i\[5\],30.32
_1800_,30.285
_0892_,30.24
net96,30.2
net13,30.16
net15,30.13
_1699_,30.12
i_exec_stage.data_fwd_o\[33\],30.08
_0867_,29.94
_2112_,29.92
_1632_,29.9
_1921_,29.88
i_exec_stage.data_fwd_o\[34\],29.84
i_decode_stage.decode_state_o\[18\],29.82
_1824_,29.78
_1245_,29.74
_1789_,29.74
_1822_,29.74
net77,29.72
i_mem_slice_stage.mem_state_o\[9\],29.68
_0611_,29.66
_0850_,29.66
_1933_,29.66
_0549_,29.56
_0929_,29.52
_2123_,29.52
i_decode_stage.reg_meta_o\[20\],29.5
i_decode_stage.reg_meta_o\[23\],29.5
_1685_,29.42
_2145_,29.34
i_mem_slice_stage.pre_data\[25\],29.32
_0991_,29.22
_0843_,29.12
_2022_,29.1
_1492_,29.08
i_decode_stage.decode_state_o\[42\],29.08
_1267_,29.04
net69,29.02
_1448_,29
i_exec_stage.data_fwd_o\[38\],28.86
_2190_,28.82
_0686_,28.74
_0337_,28.72
_1234_,28.72
_1016_,28.66
_1347_,28.52
_1225_,28.48
_0681_,28.46
i_decode_stage.reg_meta_o\[29\],28.44
i_exec_stage.data_fwd_o\[28\],28.44
i_mem_slice_stage.pre_data\[28\],28.42
_0775_,28.4
_1460_,28.3
_1254_,28.28
_1566_,28.26
i_mem_slice_stage.pre_data\[15\],28.26
_0694_,28.24
net65,28.22
i_mem_slice_stage.mem_state_o\[21\],28.2
_0699_,28.14
i_exec_stage.data_fwd_o\[26\],28.075
i_mem_slice_stage.mem_state_o\[79\],28.04
_1403_,28
rf_wr_data_o[17],27.93
_0359_,27.88
_0897_,27.86
_0361_,27.78
_1755_,27.7
i_decode_stage.decode_state_o\[243\],27.68
net124,27.68
i_decode_stage.reg_meta_o\[26\],27.515
_2033_,27.5
_1638_,27.46
_0965_,27.44
net30,27.4
_1756_,27.34
_2131_,27.34
_0708_,27.31
_1541_,27.26
net22,27.26
_0653_,27.22
_0736_,27.18
_1391_,27.16
_1255_,27.14
net117,27.14
_1045_,27.1
_1360_,27.1
rf_rs1_i[24],27.01
_2028_,26.965
i_mem_slice_stage.pre_data\[3\],26.905
i_decode_stage.fetch_state_i\[31\],26.88
_0940_,26.84
_1516_,26.84
_2024_,26.84
i_decode_stage.decode_state_o\[4\],26.84
_0834_,26.82
_0904_,26.7
_1270_,26.62
_0632_,26.6
_1518_,26.56
_0975_,26.48
_1190_,26.46
net111,26.46
_1794_,26.44
net164,26.44
_0928_,26.4
_1938_,26.4
_0868_,26.3
_2091_,26.3
_0822_,26.26
_0851_,26.22
i_mem_slice_stage.pre_data\[6\],26.2
_0891_,26.185
_1111_,26.18
_0857_,26.17
_0511_,26.14
i_decode_stage.decode_state_o\[28\],26.04
i_mem_slice_stage.pre_data\[24\],26.02
rf_port2_reg_o[1],26.01
_1054_,26
i_mem_slice_stage.mem_state_o\[75\],25.98
net128,25.98
rf_wr_data_o[3],25.97
_2099_,25.935
_1948_,25.86
i_decode_stage.reg_meta_o\[32\],25.84
_1221_,25.76
i_decode_stage.fetch_state_i\[59\],25.76
dmem_addr_o[18],25.73
i_decode_stage.decode_state_o\[117\],25.72
_0669_,25.68
dmem_be_o[1],25.61
_1540_,25.6
_0463_,25.52
_1784_,25.49
net68,25.42
_1654_,25.38
_0606_,25.34
_0766_,25.34
_2154_,25.34
dmem_addr_o[31],25.33
i_decode_stage.reg_meta_o\[65\],25.32
i_mem_slice_stage.pre_data\[22\],25.305
_0837_,25.3
_0815_,25.26
dmem_addr_o[15],25.25
dmem_wdata_o[30],25.25
_0950_,25.24
_1664_,25.24
i_decode_stage.decode_state_o\[242\],25.24
i_decode_stage.decode_state_o\[23\],25.02
dmem_rdata_i[31],24.99
net181,24.96
net79,24.9
i_mem_slice_stage.mem_state_o\[31\],24.88
_1692_,24.84
dmem_wdata_o[2],24.83
_0399_,24.82
_0762_,24.79
_0636_,24.76
_1025_,24.76
_2081_,24.68
i_decode_stage.fetch_state_i\[23\],24.66
net120,24.62
_1648_,24.59
rf_wr_data_o[2],24.57
_0800_,24.54
_1445_,24.52
_1364_,24.46
_1869_,24.44
_2087_,24.415
_0396_,24.4
net20,24.4
_1290_,24.38
_1498_,24.3
rf_wr_data_o[0],24.29
dmem_wdata_o[13],24.27
_1394_,24.26
net240,24.2
_1615_,24.18
_0367_,24.16
_0825_,24.12
_0899_,24.04
dmem_addr_o[6],24.01
dmem_wdata_o[5],24.01
net97,23.96
i_decode_stage.reg_meta_o\[15\],23.94
_1217_,23.88
_1463_,23.84
_1847_,23.82
_0366_,23.8
_0012_,23.78
_1657_,23.78
_1538_,23.76
_0905_,23.74
i_decode_stage.reg_meta_o\[24\],23.68
i_exec_stage.data_fwd_o\[39\],23.68
_1055_,23.66
_1082_,23.66
i_exec_stage.exec_state_o\[0\],23.62
_0814_,23.34
net83,23.28
_2003_,23.22
_0628_,23.2
_0985_,23.2
i_decode_stage.reg_meta_o\[36\],23.2
_0659_,23.18
_0901_,23.18
_0711_,23.14
dmem_wdata_o[1],23.11
_2148_,23.04
i_decode_stage.reg_meta_o\[51\],23.04
dmem_rdata_i[30],23.01
_2133_,22.96
dmem_rdata_i[19],22.93
_0828_,22.92
i_decode_stage.decode_state_o\[57\],22.92
_2101_,22.87
net102,22.86
dmem_rdata_i[9],22.81
_1405_,22.78
net88,22.66
_1252_,22.62
_1561_,22.62
_0010_,22.585
_1670_,22.58
dmem_wdata_o[7],22.55
_1369_,22.54
_1056_,22.52
_2110_,22.52
_0797_,22.485
_1553_,22.32
_0491_,22.29
dmem_wdata_o[11],22.25
i_exec_stage.data_fwd_o\[0\],22.2
_0409_,22.18
_0830_,22.16
_1379_,22.16
net176,22.16
_0889_,22.14
_1882_,22.14
_1902_,22.12
i_exec_stage.data_fwd_o\[36\],22.12
_1099_,22.1
_0348_,22.08
_1560_,22.08
_2118_,22.04
net174,21.98
dmem_addr_o[26],21.97
_0364_,21.96
net6,21.96
_1678_,21.94
i_decode_stage.reg_meta_o\[62\],21.88
_0771_,21.8
dmem_addr_o[29],21.77
_1170_,21.74
i_decode_stage.fetch_state_i\[0\],21.7
_0598_,21.66
i_decode_stage.decode_state_o\[29\],21.66
net172,21.66
dmem_rdata_i[8],21.57
_0770_,21.56
net387,21.56
_1786_,21.55
net7,21.52
_1831_,21.48
_1732_,21.46
i_decode_stage.reg_meta_o\[25\],21.46
_1532_,21.42
_1750_,21.34
_1148_,21.3
dmem_wdata_o[3],21.29
_0755_,21.28
_1472_,21.28
rf_rs1_i[8],21.27
_0309_,21.24
dmem_addr_o[11],21.23
_0734_,21.22
_2075_,21.22
net115,21.22
_2031_,21.2
net108,21.2
rf_wr_data_o[8],21.19
dmem_addr_o[22],21.17
dmem_addr_o[28],21.17
_0944_,21.14
_1820_,21.14
_1671_,21.12
_2117_,21.12
_1017_,21.06
net234,21.04
_1546_,21
i_decode_stage.decode_state_o\[38\],21
i_decode_stage.fetch_state_i\[35\],20.96
_0807_,20.88
dmem_wdata_o[16],20.85
_0916_,20.74
i_mem_slice_stage.mem_state_o\[30\],20.72
_1275_,20.7
_2105_,20.68
rf_rs1_i[5],20.61
_0153_,20.52
_0806_,20.47
i_exec_stage.data_fwd_o\[30\],20.42
dmem_addr_o[23],20.39
_0789_,20.38
_1212_,20.38
net127,20.38
net119,20.36
_1010_,20.34
_1563_,20.32
_2340_,20.28
dmem_rdata_i[29],20.27
_0747_,20.24
net25,20.22
_0936_,20.2
_1094_,20.18
dmem_rdata_i[3],20.17
rf_rs1_i[17],20.15
_0765_,20.14
_1359_,20.105
dmem_rdata_i[10],20.07
dmem_rdata_i[5],20.05
dmem_addr_o[13],20.01
_0318_,20
_0799_,19.98
rf_rs1_i[4],19.97
dmem_rdata_i[6],19.95
_1108_,19.94
net4,19.92
net177,19.88
rf_wr_data_o[20],19.87
_0319_,19.86
_1413_,19.86
_1603_,19.86
_1598_,19.83
_0767_,19.82
dmem_be_o[0],19.81
_1429_,19.78
i_mem_slice_stage.pre_data\[8\],19.78
_0831_,19.76
i_decode_stage.fetch_state_i\[7\],19.76
_0365_,19.72
_1828_,19.7
_0911_,19.62
_0080_,19.6
dmem_rdata_i[28],19.53
rf_rs2_i[25],19.53
_2093_,19.5
_1100_,19.48
_0778_,19.46
i_decode_stage.reg_meta_o\[75\],19.44
net76,19.44
dmem_addr_o[16],19.37
net235,19.36
i_decode_stage.fetch_state_i\[36\],19.32
i_decode_stage.reg_meta_o\[67\],19.3
_0805_,19.28
i_exec_stage.data_fwd_o\[8\],19.23
rf_rs1_i[6],19.23
net21,19.2
dmem_rdata_i[16],19.19
_0818_,19.18
i_decode_stage.decode_state_o\[10\],19.18
_1127_,19.16
_0616_,19.12
net23,19.12
_1821_,19.04
i_decode_stage.decode_state_o\[30\],19.02
i_exec_stage.data_fwd_o\[27\],19.02
_0390_,19
dmem_wdata_o[0],18.97
i_decode_stage.decode_state_o\[6\],18.94
_1866_,18.9
rf_rs2_i[17],18.85
_1014_,18.84
_0946_,18.82
_1720_,18.82
_1182_,18.78
i_decode_stage.reg_meta_o\[33\],18.72
_0602_,18.7
_1006_,18.7
net356,18.7
i_decode_stage.reg_meta_o\[63\],18.64
_1091_,18.62
_0880_,18.6
_0370_,18.58
_1343_,18.57
dmem_we_o,18.57
_0482_,18.56
_1328_,18.56
_2147_,18.56
rf_rs1_i[2],18.51
i_decode_stage.decode_state_o\[36\],18.5
i_mem_slice_stage.pre_data\[31\],18.5
_0506_,18.48
dmem_wdata_o[27],18.45
dmem_rdata_i[13],18.43
_1260_,18.4
net238,18.4
dmem_addr_o[12],18.39
_0570_,18.38
_0744_,18.38
_1362_,18.36
_1366_,18.36
_1153_,18.345
net89,18.32
_0429_,18.2
_2073_,18.2
net163,18.2
_0678_,18.18
dmem_wdata_o[10],18.17
rf_wr_data_o[18],18.17
_0827_,18.1
dmem_addr_o[9],18.09
_2191_,18.06
i_mem_slice_stage.mem_state_o\[2\],18.06
_0514_,18.03
rf_rs1_i[3],18.03
dmem_addr_o[27],18.01
_0810_,18
_1693_,17.98
i_decode_stage.reg_meta_o\[11\],17.94
_1028_,17.92
dmem_be_o[3],17.91
_1007_,17.88
_1185_,17.86
_1196_,17.86
i_decode_stage.decode_state_o\[55\],17.85
_1415_,17.78
i_exec_stage.data_fwd_o\[35\],17.78
dmem_rdata_i[14],17.77
dmem_rdata_i[2],17.77
_1674_,17.72
net93,17.72
net233,17.7
i_decode_stage.decode_state_o\[39\],17.68
_0811_,17.66
_0008_,17.64
_1663_,17.6
net341,17.6
_1456_,17.58
dmem_wdata_o[15],17.53
i_decode_stage.reg_meta_o\[50\],17.52
i_fwd_unit.mem_stage_i\[39\],17.5
_0621_,17.48
_0934_,17.48
i_decode_stage.decode_state_o\[65\],17.48
i_decode_stage.decode_state_o\[33\],17.44
_0820_,17.425
_0861_,17.4
i_decode_stage.decode_state_o\[26\],17.4
i_exec_stage.data_fwd_o\[31\],17.4
_1477_,17.32
rf_rs2_i[9],17.31
_1873_,17.28
net3,17.28
_0501_,17.26
_0610_,17.26
_1853_,17.26
_1109_,17.24
dmem_addr_o[14],17.23
_1338_,17.22
_2097_,17.215
_0914_,17.18
_1297_,17.18
_1497_,17.18
_0310_,17.14
i_decode_stage.decode_state_o\[19\],17.14
dmem_wdata_o[24],17.13
_1377_,17.12
i_decode_stage.fetch_state_i\[25\],17.12
i_decode_stage.fetch_state_i\[20\],17.1
dmem_wdata_o[22],17.09
_1587_,17.08
i_exec_stage.exec_state_o\[22\],17.04
rf_wr_data_o[26],17.03
i_mem_slice_stage.pre_data\[12\],17
_0772_,16.99
rf_rs1_i[15],16.99
dmem_rdata_i[0],16.97
_0869_,16.94
_0714_,16.86
_0586_,16.82
_1743_,16.82
dmem_wdata_o[20],16.81
i_decode_stage.reg_meta_o\[71\],16.8
_0757_,16.78
_1645_,16.76
i_mem_slice_stage.pre_data\[0\],16.76
dmem_rdata_i[17],16.75
_0550_,16.72
_0942_,16.72
rf_rs1_i[29],16.65
_1227_,16.64
_0315_,16.62
_0445_,16.58
_0739_,16.56
_1421_,16.56
i_mem_slice_stage.mem_state_o\[80\],16.56
net232,16.56
_1950_,16.52
_2021_,16.52
net75,16.5
_0487_,16.48
_1814_,16.48
i_decode_stage.decode_state_o\[20\],16.47
_0791_,16.46
rf_rs2_i[19],16.43
_1229_,16.42
net362,16.42
net123,16.34
rf_wr_data_o[28],16.31
_1908_,16.3
_2201_,16.3
_0354_,16.28
_0947_,16.26
_1008_,16.25
_1386_,16.24
_1446_,16.24
_1796_,16.22
_1136_,16.215
rf_rs1_i[7],16.19
_0780_,16.18
_0931_,16.18
_0893_,16.16
_1121_,16.16
i_mem_slice_stage.mem_state_o\[3\],16.12
_1330_,16.1
dmem_wdata_o[31],16.09
_0784_,16.08
i_decode_stage.fetch_state_i\[11\],16.08
i_exec_stage.data_fwd_o\[24\],16.06
dmem_addr_o[7],16.05
_0629_,16
rf_rs1_i[28],15.99
_2140_,15.98
_0372_,15.96
_1219_,15.96
_1388_,15.94
i_exec_stage.data_fwd_o\[22\],15.94
net173,15.92
_0321_,15.88
dmem_rdata_i[27],15.87
_0587_,15.86
_0875_,15.86
_1039_,15.84
_2085_,15.81
_0314_,15.78
net29,15.78
_1827_,15.775
rf_rs1_i[25],15.77
i_fwd_unit.mem_stage_i\[0\],15.76
net24,15.76
dmem_wdata_o[25],15.73
i_decode_stage.fetch_state_i\[24\],15.73
rf_rs1_i[31],15.73
_0403_,15.72
_0685_,15.7
_0609_,15.68
_0642_,15.68
_1620_,15.67
_0613_,15.62
i_decode_stage.fetch_state_i\[17\],15.6
_1332_,15.565
_1614_,15.56
i_decode_stage.reg_meta_o\[21\],15.56
i_decode_stage.fetch_state_i\[15\],15.54
rf_rs1_i[0],15.53
net352,15.5
_2295_,15.48
i_exec_stage.data_fwd_o\[23\],15.48
_1644_,15.425
_0910_,15.42
_0948_,15.42
rf_wr_data_o[21],15.41
i_exec_stage.data_fwd_o\[20\],15.4
dmem_wdata_o[26],15.37
_1530_,15.34
_0083_,15.3
dmem_wdata_o[6],15.29
net104,15.28
i_decode_stage.fetch_state_i\[61\],15.26
_0416_,15.24
_0922_,15.24
_0400_,15.23
_2134_,15.22
i_decode_stage.fetch_state_i\[48\],15.18
i_decode_stage.fetch_state_i\[13\],15.16
_0957_,15.1
_1009_,15.08
rf_rs1_i[20],15.07
_1843_,15.06
i_exec_stage.exec_state_o\[18\],15.06
dmem_rdata_i[12],15.05
rf_rs1_i[19],15.05
i_decode_stage.fetch_state_i\[30\],14.98
_1068_,14.97
_0973_,14.94
_1624_,14.94
dmem_addr_o[20],14.93
_1450_,14.92
dmem_wdata_o[9],14.91
_0397_,14.88
_2167_,14.88
i_decode_stage.fetch_state_i\[34\],14.88
_1026_,14.86
dmem_addr_o[8],14.85
rf_rs1_i[11],14.85
_1871_,14.84
_0835_,14.8
_1946_,14.8
_2249_,14.8
i_decode_stage.fetch_state_i\[45\],14.8
_1173_,14.775
_2335_,14.76
_0420_,14.74
net67,14.74
dmem_rdata_i[11],14.73
_1457_,14.72
rf_rs1_i[22],14.71
rf_rs1_i[30],14.71
_0165_,14.705
_1357_,14.7
i_decode_stage.fetch_state_i\[14\],14.68
net114,14.68
i_decode_stage.decode_state_o\[17\],14.66
_1842_,14.64
_1107_,14.56
_1673_,14.54
_0763_,14.52
_0836_,14.5
_0906_,14.5
_1776_,14.5
_1905_,14.5
_2215_,14.46
_1052_,14.44
dmem_addr_o[24],14.43
net380,14.425
_1081_,14.42
dmem_be_o[2],14.41
_0670_,14.4
i_decode_stage.reg_meta_o\[8\],14.4
_2142_,14.39
rf_rs1_i[27],14.39
_2100_,14.38
dmem_wdata_o[14],14.37
rf_rs1_i[12],14.37
rf_rs1_i[16],14.37
net125,14.34
_0591_,14.3
_0725_,14.3
i_mem_slice_stage.pre_data\[27\],14.3
i_decode_stage.fetch_state_i\[51\],14.28
net359,14.265
i_decode_stage.decode_state_o\[61\],14.26
_1766_,14.24
i_decode_stage.fetch_state_i\[1\],14.22
_0428_,14.18
i_mem_slice_stage.mem_state_o\[23\],14.18
_1586_,14.14
i_mem_slice_stage.mem_state_o\[29\],14.14
_0898_,14.13
rf_rs2_i[3],14.13
_0583_,14.1
_1903_,14.1
_0729_,14.08
dmem_rdata_i[21],14.07
_1899_,14.06
_1900_,14.06
dmem_rdata_i[20],14.05
_0317_,14.04
_1823_,14.025
net82,14.02
_0191_,14
_1261_,13.98
_1293_,13.98
_0798_,13.96
_1390_,13.96
_2050_,13.96
dmem_wdata_o[23],13.93
dmem_wdata_o[29],13.93
_1708_,13.9
i_decode_stage.fetch_state_i\[38\],13.9
dmem_wdata_o[19],13.89
_1027_,13.88
_0441_,13.86
_1555_,13.84
_2332_,13.835
_1859_,13.82
i_decode_stage.reg_meta_o\[69\],13.82
_1084_,13.815
dmem_wdata_o[21],13.81
_1642_,13.8
dmem_rdata_i[22],13.79
_1371_,13.78
_0657_,13.72
_1508_,13.72
dmem_rdata_i[18],13.71
dmem_rdata_i[1],13.69
net91,13.68
dmem_rdata_i[4],13.67
_0518_,13.66
_0614_,13.66
net2,13.63
net100,13.62
_0952_,13.58
_1274_,13.58
_1296_,13.58
i_exec_stage.data_fwd_o\[10\],13.58
rf_wr_data_o[14],13.57
_1552_,13.54
_2203_,13.54
i_decode_stage.decode_state_o\[15\],13.5
_0625_,13.48
_0862_,13.48
_1023_,13.48
_2213_,13.48
dmem_rdata_i[26],13.47
rf_rs1_i[1],13.47
_2046_,13.46
_1383_,13.44
_1077_,13.4
_1604_,13.4
_2007_,13.3
_1496_,13.28
_1550_,13.26
_1681_,13.26
net339,13.26
dmem_addr_o[5],13.25
i_mem_slice_stage.mem_state_o\[0\],13.24
net404,13.24
_2078_,13.22
i_decode_stage.fetch_state_i\[44\],13.22
net407,13.22
_1576_,13.2
_0998_,13.18
_1589_,13.18
_1895_,13.18
_2079_,13.18
i_exec_stage.data_fwd_o\[15\],13.16
i_exec_stage.exec_state_o\[52\],13.16
_0930_,13.14
_1351_,13.125
rf_rs1_i[9],13.09
i_mem_slice_stage.mem_state_o\[85\],13.08
rf_wr_data_o[1],13.07
_0435_,13.06
_0569_,13.06
_2106_,13.06
_1458_,13.055
_1655_,13.04
rf_rs1_i[14],13.03
_0900_,13.02
rf_wr_data_o[12],12.99
_1294_,12.98
_1634_,12.96
_1652_,12.96
_1968_,12.96
_0923_,12.94
_1019_,12.94
_1134_,12.94
imem_rdata_i[31],12.93
_0756_,12.92
net355,12.92
_1005_,12.9
_1164_,12.9
_1264_,12.88
_1444_,12.88
imem_rdata_i[3],12.87
_1857_,12.86
_1875_,12.84
i_decode_stage.decode_state_o\[34\],12.84
_0449_,12.82
_0268_,12.805
_1079_,12.8
net32,12.8
_1727_,12.78
_2139_,12.78
dmem_rdata_i[25],12.77
_0131_,12.76
_0164_,12.76
net109,12.76
net401,12.76
dmem_rdata_i[24],12.75
_1236_,12.74
dmem_rdata_i[23],12.73
_0697_,12.68
_1243_,12.68
rf_wr_data_o[11],12.67
i_decode_stage.decode_state_o\[62\],12.66
_1473_,12.64
i_exec_stage.data_fwd_o\[21\],12.64
_1665_,12.62
_1897_,12.62
net413,12.62
_1874_,12.6
_1044_,12.58
_1934_,12.58
net410,12.58
_0886_,12.56
_1676_,12.56
_1894_,12.56
_2082_,12.54
i_exec_stage.data_fwd_o\[17\],12.54
_1169_,12.52
_1356_,12.5
_2149_,12.5
net348,12.5
_0398_,12.48
_1996_,12.48
_1435_,12.44
_1464_,12.44
rf_rs2_i[10],12.43
net395,12.42
dmem_rdata_i[15],12.35
_0624_,12.34
_1317_,12.32
rf_rs2_i[0],12.31
_0162_,12.3
_0848_,12.3
_0680_,12.28
_1319_,12.28
_0395_,12.18
_0824_,12.18
_2068_,12.16
_1941_,12.125
_1698_,12.12
_1339_,12.08
_1517_,12.08
_0792_,12.02
_1848_,12.02
i_decode_stage.decode_state_o\[5\],12
_0456_,11.98
rf_rs1_i[18],11.97
rf_wr_data_o[19],11.97
_0750_,11.96
i_mem_slice_stage.mem_state_o\[84\],11.96
net373,11.96
i_exec_stage.exec_state_o\[69\],11.94
i_mem_slice_stage.mem_state_o\[77\],11.92
rf_port1_reg_o[3],11.91
_0118_,11.9
_0816_,11.84
_1163_,11.84
_2089_,11.84
net392,11.84
_0163_,11.82
rf_wr_reg_o[1],11.81
_1000_,11.79
_1907_,11.78
_0096_,11.76
_1863_,11.76
i_exec_stage.exec_state_o\[51\],11.76
_1700_,11.74
_1211_,11.72
_2158_,11.72
rf_rs2_i[1],11.71
_0009_,11.7
i_exec_stage.exec_state_o\[29\],11.7
i_exec_stage.exec_state_o\[68\],11.7
dmem_wdata_o[8],11.69
_1452_,11.66
i_decode_stage.fetch_state_i\[27\],11.66
_2199_,11.64
_2252_,11.64
_1923_,11.62
net112,11.62
_0335_,11.6
_1626_,11.6
_0106_,11.58
_0486_,11.58
_1816_,11.58
_2263_,11.56
rf_rs1_i[23],11.55
_0887_,11.52
_1181_,11.52
_1602_,11.52
i_decode_stage.reg_meta_o\[70\],11.52
net92,11.52
net106,11.52
_1621_,11.5
net364,11.5
net99,11.48
_1240_,11.47
_1876_,11.46
net385,11.445
_0035_,11.44
rf_rs2_i[11],11.37
_0156_,11.36
_1331_,11.36
_2006_,11.36
i_decode_stage.decode_state_o\[14\],11.36
_0819_,11.35
_0432_,11.34
_0939_,11.34
_1131_,11.32
_1551_,11.32
_2090_,11.32
_2289_,11.32
_0371_,11.315
_1355_,11.305
i_decode_stage.decode_state_o\[35\],11.3
_1373_,11.28
_0637_,11.26
rf_wr_data_o[10],11.25
_0004_,11.24
i_decode_stage.fetch_state_i\[37\],11.24
net372,11.24
_1412_,11.23
_2200_,11.22
_0573_,11.2
_0793_,11.2
_0866_,11.2
_2293_,11.2
_0704_,11.18
_1305_,11.16
_2098_,11.16
_1898_,11.14
_0623_,11.12
_2124_,11.12
_2155_,11.12
_0760_,11.11
_0177_,11.105
_0502_,11.08
_1083_,11.08
_1872_,11.08
_0235_,11.065
_0438_,11.06
_0696_,11.06
i_decode_stage.reg_meta_o\[74\],11.06
i_exec_stage.data_fwd_o\[29\],11.06
i_decode_stage.fetch_state_i\[39\],11.04
net353,11.04
net361,11.04
net384,11.04
net388,11.04
_0154_,11.02
_0206_,11.02
_1101_,11.02
_1058_,11
net383,11
rf_wr_data_o[22],10.97
_0885_,10.96
_2152_,10.96
net87,10.96
_1382_,10.94
_2144_,10.92
_1745_,10.9
net347,10.9
_1070_,10.89
_1695_,10.88
_1841_,10.88
_1677_,10.86
i_decode_stage.reg_meta_o\[64\],10.86
_1193_,10.84
i_exec_stage.data_fwd_o\[25\],10.84
_1742_,10.82
dmem_addr_o[25],10.81
_0980_,10.8
_1633_,10.8
_1812_,10.8
_1951_,10.8
_2136_,10.8
_2268_,10.8
_0306_,10.78
_1509_,10.78
_1858_,10.78
_1892_,10.78
_2035_,10.78
_2052_,10.78
i_exec_stage.exec_state_o\[21\],10.78
dmem_addr_o[19],10.77
_1468_,10.76
_0996_,10.74
_1321_,10.74
_2120_,10.72
_2290_,10.72
rf_port2_reg_o[3],10.71
_2202_,10.68
rf_rs1_i[13],10.67
_1867_,10.66
i_decode_stage.decode_state_o\[32\],10.66
_0684_,10.64
i_decode_stage.fetch_state_i\[19\],10.64
_1062_,10.62
_1080_,10.62
i_exec_stage.data_fwd_o\[5\],10.62
net28,10.6
_0375_,10.58
_1783_,10.565
_0673_,10.54
_1207_,10.54
_0967_,10.51
_1233_,10.5
_1256_,10.5
_2266_,10.5
_0471_,10.48
_0840_,10.48
_0999_,10.48
net56,10.48
_1771_,10.44
_0921_,10.42
_1306_,10.42
_1341_,10.42
net165,10.42
_0513_,10.4
_2027_,10.4
i_exec_stage.exec_state_o\[64\],10.4
_0538_,10.38
_1414_,10.36
_1201_,10.34
_1856_,10.34
_2010_,10.34
_0769_,10.32
_1451_,10.32
_1662_,10.32
_1826_,10.32
_2195_,10.32
i_exec_stage.exec_state_o\[6\],10.32
_1439_,10.3
_2174_,10.3
_2260_,10.28
i_decode_stage.decode_state_o\[60\],10.28
i_exec_stage.data_fwd_o\[18\],10.28
net5,10.28
_1891_,10.26
_2302_,10.26
rf_port2_reg_o[2],10.25
_0802_,10.24
_1608_,10.24
_1993_,10.24
_2103_,10.24
_2318_,10.24
_2337_,10.22
_0579_,10.2
_0360_,10.18
_1123_,10.18
_1777_,10.18
_1095_,10.16
_1286_,10.16
_1167_,10.14
_1536_,10.14
_1650_,10.14
net298,10.13
_2114_,10.12
i_exec_stage.exec_state_o\[28\],10.12
net338,10.1
net346,10.1
rf_wr_data_o[13],10.09
_0555_,10.08
_0472_,10.06
i_mem_slice_stage.mem_state_o\[47\],10.06
i_exec_stage.data_fwd_o\[19\],10.04
_1191_,10.02
_0166_,10
_0690_,9.98
_1656_,9.98
_1925_,9.98
_2322_,9.98
_0721_,9.96
_0483_,9.94
_0941_,9.94
_1581_,9.94
_2254_,9.94
net409,9.94
i_decode_stage.decode_state_o\[12\],9.92
_0520_,9.9
_1715_,9.9
net31,9.9
dmem_wdata_o[28],9.89
net301,9.87
_0222_,9.86
_1184_,9.86
i_mem_slice_stage.mem_state_o\[4\],9.86
_1862_,9.84
_0740_,9.82
_1078_,9.82
_2011_,9.82
_2229_,9.82
_2331_,9.82
i_decode_stage.fetch_state_i\[43\],9.82
i_decode_stage.fetch_state_i\[50\],9.82
net1,9.8
rf_rs1_i[21],9.79
_0385_,9.78
_2113_,9.78
_0226_,9.745
_1247_,9.74
i_decode_stage.decode_state_o\[37\],9.74
i_decode_stage.fetch_state_i\[29\],9.74
_0588_,9.72
_1447_,9.72
_0795_,9.7
rf_rs1_i[10],9.67
_1526_,9.66
_1770_,9.66
rf_wr_data_o[16],9.65
_0046_,9.64
_2108_,9.64
_1962_,9.62
i_mem_slice_stage.pre_data\[16\],9.62
rf_wr_data_o[25],9.61
_1324_,9.6
_1885_,9.6
_0485_,9.58
i_decode_stage.decode_state_o\[25\],9.58
i_mem_slice_stage.mem_state_o\[73\],9.56
_1713_,9.54
imem_rdata_i[25],9.53
net329,9.53
_1250_,9.52
i_exec_stage.exec_state_o\[44\],9.52
dmem_rdata_i[7],9.51
_2071_,9.5
_2204_,9.5
_1036_,9.48
_1974_,9.48
_2235_,9.48
i_exec_stage.exec_state_o\[61\],9.48
net344,9.48
_0821_,9.455
_1570_,9.44
_2013_,9.44
_2170_,9.44
_2334_,9.44
_1739_,9.42
_2185_,9.42
_1427_,9.4
_2214_,9.4
rst_ni,9.4
dmem_wdata_o[12],9.39
_1043_,9.38
_2107_,9.365
_1661_,9.36
_1691_,9.36
_1995_,9.36
_2127_,9.36
_2273_,9.36
_1701_,9.32
rf_rs2_i[4],9.31
_1159_,9.3
_1911_,9.3
rf_rs2_i[21],9.29
rf_rs2_i[5],9.29
_1284_,9.28
_2014_,9.28
_2051_,9.28
rf_rs2_i[18],9.27
rf_rs2_i[22],9.27
rf_rs2_i[26],9.27
rf_rs2_i[6],9.27
_1595_,9.255
_1817_,9.245
_0994_,9.24
_1130_,9.24
i_decode_stage.fetch_state_i\[18\],9.22
i_decode_stage.fetch_state_i\[41\],9.22
_0063_,9.2
_0119_,9.2
imem_rdata_i[10],9.19
imem_rdata_i[28],9.19
imem_rdata_i[8],9.19
net317,9.19
net319,9.19
net307,9.19
net336,9.19
net309,9.19
_0340_,9.18
_1543_,9.18
_1851_,9.18
net351,9.18
net389,9.18
_0992_,9.16
i_decode_stage.reg_meta_o\[31\],9.16
net326,9.15
_0571_,9.14
_1920_,9.14
_1165_,9.08
_0702_,9.06
_2111_,9.06
i_decode_stage.decode_state_o\[16\],9.06
net180,9.06
net342,9.06
net358,9.06
net369,9.06
_0995_,9.04
_1865_,9.04
_0368_,9.02
_1178_,9.02
_2056_,9.02
_2058_,9.02
i_exec_stage.exec_state_o\[39\],9.02
i_mem_slice_stage.pre_data\[18\],9.02
net179,9.02
i_exec_stage.exec_state_o\[10\],9
_0522_,8.98
_0902_,8.98
_2030_,8.98
_2248_,8.98
dmem_wdata_o[18],8.97
rf_rs2_i[14],8.97
_2323_,8.96
rf_rs2_i[15],8.95
rf_rs2_i[23],8.95
rf_rs2_i[27],8.95
rf_rs2_i[7],8.95
_0646_,8.94
_1202_,8.94
_1295_,8.94
_1311_,8.94
_1697_,8.94
i_exec_stage.reg_meta_o\[4\],8.94
dmem_addr_o[3],8.93
rf_rs2_i[16],8.93
rf_rs2_i[20],8.93
rf_rs2_i[24],8.93
rf_rs2_i[28],8.93
rf_rs2_i[8],8.93
_0373_,8.9
_0658_,8.9
_1846_,8.9
_1881_,8.9
_2329_,8.9
i_decode_stage.decode_state_o\[11\],8.9
rf_wr_data_o[24],8.87
rf_wr_data_o[5],8.87
_0271_,8.865
_2222_,8.86
net314,8.85
_0312_,8.82
_2243_,8.82
i_decode_stage.fetch_state_i\[26\],8.82
i_decode_stage.fetch_state_i\[28\],8.82
i_mem_slice_stage.mem_state_o\[24\],8.82
net365,8.82
_1059_,8.8
_1408_,8.8
_1870_,8.8
i_exec_stage.reg_meta_o\[3\],8.8
_1811_,8.785
_0915_,8.78
_1162_,8.78
net405,8.765
_2088_,8.76
net406,8.72
_0313_,8.7
_1116_,8.7
_1308_,8.66
_1636_,8.66
_0026_,8.62
_0167_,8.62
_0285_,8.615
imem_gnt_i,8.61
imem_rdata_i[15],8.61
imem_rdata_i[17],8.61
imem_rdata_i[19],8.61
imem_rdata_i[21],8.61
imem_rdata_i[23],8.61
imem_rdata_i[5],8.61
_0171_,8.6
_0643_,8.6
_0785_,8.6
_1367_,8.6
_1880_,8.6
i_exec_stage.exec_state_o\[41\],8.6
i_exec_stage.reg_meta_o\[2\],8.6
net343,8.6
rf_wr_data_o[27],8.59
_0890_,8.58
i_decode_stage.fetch_state_i\[22\],8.58
_0023_,8.56
_1114_,8.56
_1805_,8.56
_2008_,8.56
net393,8.56
i_decode_stage.decode_state_o\[24\],8.54
imem_rdata_i[30],8.53
_0859_,8.52
_2223_,8.52
net304,8.51
net322,8.51
net332,8.51
net312,8.51
_0933_,8.5
_1151_,8.5
_2209_,8.5
_2310_,8.5
_0574_,8.48
_0654_,8.48
_0700_,8.48
_1113_,8.48
_1769_,8.48
i_exec_stage.data_fwd_o\[32\],8.48
net398,8.48
_2034_,8.46
_1186_,8.45
_0362_,8.44
_0436_,8.44
_1093_,8.44
_1263_,8.44
_2084_,8.44
i_mem_slice_stage.mem_state_o\[67\],8.44
_0813_,8.4
_1594_,8.4
i_mem_slice_stage.mem_state_o\[59\],8.4
net241,8.4
_0291_,8.385
_0202_,8.36
_1931_,8.36
net107,8.36
net345,8.36
_1910_,8.34
net81,8.34
_0894_,8.32
_1013_,8.32
_1015_,8.32
_1799_,8.315
_1266_,8.3
_1764_,8.3
_0178_,8.285
_0001_,8.28
_0715_,8.26
_1506_,8.26
rf_wr_data_o[15],8.25
rf_wr_data_o[23],8.25
rf_wr_data_o[29],8.25
_1525_,8.24
_1808_,8.24
_2321_,8.24
_0036_,8.22
_1914_,8.22
_0275_,8.205
_0641_,8.2
_1034_,8.2
_1432_,8.2
_0139_,8.16
_0218_,8.16
_0262_,8.16
_1572_,8.16
imem_rdata_i[13],8.15
_1730_,8.14
_1757_,8.14
_2036_,8.14
net403,8.14
net414,8.14
_1852_,8.12
_0205_,8.1
_1469_,8.1
_1486_,8.1
_2242_,8.1
i_decode_stage.fetch_state_i\[60\],8.1
net378,8.1
_1346_,8.08
_1511_,8.08
_1235_,8.06
imem_addr_o[12],8.05
imem_addr_o[22],8.05
imem_addr_o[4],8.05
_1819_,8.035
_0434_,8.02
_1310_,8.02
_1679_,8.02
_2132_,8.02
_2277_,8.02
i_exec_stage.exec_state_o\[14\],8.02
i_exec_stage.exec_state_o\[49\],8.02
_1011_,8
_0129_,7.98
_0909_,7.98
_1029_,7.98
_1668_,7.98
_2286_,7.98
_2311_,7.98
i_decode_stage.decode_state_o\[31\],7.98
_0078_,7.96
_2054_,7.96
_0742_,7.94
_1495_,7.94
_1606_,7.94
imem_addr_o[27],7.93
imem_addr_o[9],7.93
imem_rdata_i[12],7.93
imem_rdata_i[14],7.93
imem_rdata_i[16],7.93
imem_rdata_i[18],7.93
imem_rdata_i[20],7.93
imem_rdata_i[22],7.93
imem_rdata_i[24],7.93
rf_rs2_i[12],7.93
i_mem_slice_stage.mem_state_o\[50\],7.92
rf_rs2_i[13],7.91
rf_rs2_i[29],7.91
_0717_,7.9
_1226_,7.9
_2002_,7.9
_0208_,7.885
_1072_,7.88
_1488_,7.86
_0201_,7.82
imem_rdata_i[4],7.81
net327,7.81
rf_wr_data_o[4],7.81
_0124_,7.8
_0264_,7.8
_0030_,7.78
_0353_,7.78
_1118_,7.78
_0015_,7.76
_0127_,7.76
_0308_,7.76
i_mem_slice_stage.mem_state_o\[49\],7.76
i_mem_slice_stage.pre_data\[17\],7.76
_0088_,7.72
_1705_,7.71
_1612_,7.7
imem_rvalid_i,7.69
_1132_,7.68
_1998_,7.68
_2175_,7.68
_1718_,7.66
_1877_,7.66
_1214_,7.65
_0801_,7.64
_0903_,7.64
_1619_,7.64
_2171_,7.64
i_exec_stage.exec_state_o\[48\],7.64
i_exec_stage.exec_state_o\[57\],7.64
_1265_,7.62
dmem_addr_o[10],7.61
_1292_,7.6
_1545_,7.6
_1883_,7.6
_2330_,7.6
_0140_,7.56
_1424_,7.56
_1539_,7.56
_1888_,7.56
_2160_,7.56
_2308_,7.56
i_exec_stage.exec_state_o\[24\],7.56
_0213_,7.54
_1854_,7.54
_1220_,7.52
_1442_,7.52
_1680_,7.52
_1781_,7.52
_1864_,7.52
_1906_,7.52
_2339_,7.52
i_exec_stage.exec_state_o\[25\],7.52
_1168_,7.46
_1404_,7.46
_1520_,7.46
_1779_,7.44
_2291_,7.44
i_decode_stage.fetch_state_i\[21\],7.44
_1053_,7.42
_1971_,7.42
_0117_,7.4
_0182_,7.4
_1521_,7.4
i_mem_slice_stage.pre_data\[19\],7.385
rf_wr_data_o[7],7.37
rf_wr_reg_o[3],7.35
_0014_,7.34
_1381_,7.34
_1527_,7.33
_1675_,7.32
_0002_,7.3
_1050_,7.3
_1767_,7.3
_1751_,7.28
_0079_,7.26
_1316_,7.25
_0577_,7.24
_0595_,7.24
_1772_,7.24
_0181_,7.22
_0960_,7.22
_2032_,7.22
i_exec_stage.exec_state_o\[15\],7.22
i_exec_stage.exec_state_o\[20\],7.22
i_exec_stage.exec_state_o\[63\],7.22
net375,7.22
_1282_,7.21
_1180_,7.185
_0777_,7.18
_1049_,7.18
_1120_,7.18
_1868_,7.18
_1972_,7.18
_2109_,7.18
_2327_,7.18
i_decode_stage.fetch_state_i\[46\],7.18
_0296_,7.145
dmem_wdata_o[4],7.13
imem_addr_o[14],7.13
imem_addr_o[17],7.13
imem_addr_o[19],7.13
imem_addr_o[7],7.13
rf_rs1_i[26],7.13
_1051_,7.12
_1103_,7.12
_1345_,7.12
_1986_,7.12
_0383_,7.1
_1997_,7.1
net386,7.1
_1804_,7.085
_1830_,7.075
_1825_,7.065
_0871_,7.06
_1122_,7.06
_1126_,7.06
_1887_,7.06
_1976_,7.06
_2231_,7.06
_0283_,7.055
_2205_,7.04
imem_rdata_i[6],7.01
_1237_,6.98
_1860_,6.98
net374,6.98
net390,6.98
_0412_,6.96
_0882_,6.96
_1512_,6.94
_0040_,6.88
_0477_,6.88
i_mem_slice_stage.mem_state_o\[53\],6.88
net411,6.88
_1568_,6.86
_0086_,6.84
_0199_,6.84
_1073_,6.84
_1901_,6.815
_1758_,6.78
i_exec_stage.exec_state_o\[36\],6.78
i_exec_stage.exec_state_o\[66\],6.78
imem_rdata_i[11],6.77
imem_rdata_i[1],6.77
imem_rdata_i[27],6.77
imem_rdata_i[7],6.77
imem_rdata_i[9],6.77
_0263_,6.76
_1272_,6.76
_1955_,6.76
_1960_,6.76
_1985_,6.76
_2237_,6.76
net366,6.76
_0557_,6.74
_2137_,6.74
_0104_,6.72
_0194_,6.72
_1397_,6.72
_1833_,6.72
_1845_,6.72
_2161_,6.72
net354,6.72
net370,6.72
net337,6.67
rf_port2_reg_o[0],6.67
_1970_,6.66
_2083_,6.66
_2094_,6.66
_2194_,6.66
_2240_,6.66
_0687_,6.64
_0863_,6.64
_1248_,6.64
_1461_,6.64
_2255_,6.64
_2309_,6.64
i_exec_stage.exec_state_o\[58\],6.64
_0327_,6.62
_0567_,6.62
_0111_,6.605
_0774_,6.6
_0956_,6.6
_1334_,6.6
_1430_,6.6
_1531_,6.6
_2301_,6.6
i_exec_stage.exec_state_o\[37\],6.6
i_exec_stage.exec_state_o\[67\],6.6
net382,6.6
_1438_,6.58
_0476_,6.54
_0102_,6.52
_0179_,6.52
_0599_,6.52
_1075_,6.52
_1616_,6.52
_1890_,6.52
net72,6.5
_0137_,6.48
net357,6.48
_1893_,6.475
net303,6.43
imem_rdata_i[0],6.43
imem_rdata_i[26],6.43
imem_rdata_i[2],6.43
net305,6.43
net315,6.43
net321,6.43
net323,6.43
net325,6.43
net331,6.43
net333,6.43
net335,6.43
net311,6.43
net313,6.43
_0031_,6.42
_0034_,6.42
_0558_,6.42
_1406_,6.42
_2165_,6.42
_0146_,6.4
_1747_,6.4
_1617_,6.39
_0090_,6.38
net45,6.37
_0282_,6.365
_1659_,6.36
_1964_,6.36
_1487_,6.32
_1585_,6.32
_0303_,6.305
_0210_,6.3
_0248_,6.3
_0652_,6.3
_1428_,6.3
_2258_,6.3
i_exec_stage.exec_state_o\[23\],6.3
i_mem_slice_stage.pre_data\[7\],6.3
_1057_,6.28
_1067_,6.28
_1117_,6.28
_1249_,6.26
_1690_,6.26
_1749_,6.26
_1959_,6.26
_2182_,6.26
_2319_,6.26
imem_addr_o[0],6.21
imem_addr_o[10],6.21
imem_addr_o[11],6.21
imem_addr_o[13],6.21
imem_addr_o[15],6.21
imem_addr_o[16],6.21
imem_addr_o[18],6.21
imem_addr_o[1],6.21
imem_addr_o[20],6.21
imem_addr_o[21],6.21
imem_addr_o[23],6.21
imem_addr_o[24],6.21
imem_addr_o[25],6.21
imem_addr_o[26],6.21
imem_addr_o[28],6.21
imem_addr_o[29],6.21
imem_addr_o[2],6.21
imem_addr_o[30],6.21
imem_addr_o[31],6.21
imem_addr_o[3],6.21
imem_addr_o[5],6.21
imem_addr_o[6],6.21
imem_addr_o[8],6.21
rf_rs2_i[2],6.21
rf_rs2_i[30],6.21
rf_wr_en_o,6.21
_0719_,6.2
_1641_,6.2
_0706_,6.18
_1389_,6.18
_1431_,6.18
_1741_,6.18
_1878_,6.18
_2193_,6.18
i_exec_stage.exec_state_o\[42\],6.18
i_exec_stage.exec_state_o\[54\],6.18
i_exec_stage.exec_state_o\[65\],6.18
i_mem_slice_stage.mem_state_o\[52\],6.18
i_mem_slice_stage.mem_state_o\[56\],6.18
_0937_,6.16
net34,6.16
_0745_,6.14
_1500_,6.14
_1611_,6.14
_1660_,6.14
_1725_,6.14
_2070_,6.14
net26,6.14
_2262_,6.12
imem_rdata_i[29],6.11
_0037_,6.06
_0159_,6.06
_0388_,6.06
_0515_,6.06
_1467_,6.06
_1861_,6.06
_2080_,6.06
_0265_,6.005
_1729_,5.99
dmem_addr_o[30],5.99
rf_wr_data_o[9],5.99
_1135_,5.98
_1484_,5.98
_1502_,5.98
_1528_,5.98
_0005_,5.96
_0180_,5.96
net391,5.96
_1689_,5.94
_1832_,5.94
_0174_,5.92
_1402_,5.92
_0225_,5.84
_0845_,5.84
_1166_,5.84
_1239_,5.84
_1329_,5.84
_2059_,5.84
_2224_,5.84
net367,5.84
_2245_,5.82
_0044_,5.8
_0097_,5.8
_0597_,5.8
_1157_,5.8
_1361_,5.8
_1944_,5.8
_1979_,5.8
_2115_,5.8
_2151_,5.8
_2162_,5.8
i_exec_stage.exec_state_o\[46\],5.8
i_exec_stage.exec_state_o\[9\],5.8
_0295_,5.785
net300,5.75
net302,5.75
net316,5.75
net318,5.75
net320,5.75
net324,5.75
net306,5.75
net328,5.75
net330,5.75
net334,5.75
net308,5.75
net310,5.75
_1395_,5.745
_1947_,5.74
_2009_,5.74
_2176_,5.74
_2178_,5.74
_2183_,5.74
_2196_,5.74
_2210_,5.74
_2217_,5.74
_2225_,5.74
_2298_,5.74
net236,5.74
_1640_,5.72
_1768_,5.72
_1836_,5.72
_2015_,5.72
_2180_,5.72
_2198_,5.72
_2212_,5.72
_2285_,5.72
_1886_,5.7
_1667_,5.68
_1909_,5.68
_2064_,5.68
_2184_,5.68
_2211_,5.68
_2253_,5.68
_2264_,5.68
_2269_,5.68
_2296_,5.68
_2326_,5.68
i_exec_stage.exec_state_o\[62\],5.68
i_exec_stage.exec_state_o\[70\],5.68
_1141_,5.62
_1344_,5.62
_1915_,5.62
net12,5.62
_0198_,5.6
_0787_,5.6
_1529_,5.6
_1613_,5.6
_1387_,5.58
_0138_,5.56
rf_wr_reg_o[4],5.53
_1503_,5.52
i_mem_slice_stage.mem_state_o\[48\],5.52
i_mem_slice_stage.pre_data\[26\],5.52
_0028_,5.5
_0043_,5.5
_0089_,5.5
_0142_,5.5
_0255_,5.5
_1174_,5.5
_1844_,5.5
_1033_,5.48
_0105_,5.46
_0705_,5.46
_1716_,5.46
_1884_,5.46
_2044_,5.46
_1922_,5.435
_0003_,5.405
_1031_,5.38
_1277_,5.38
_1493_,5.38
_1601_,5.38
_1646_,5.38
_1684_,5.38
_2206_,5.38
i_exec_stage.reg_meta_o\[1\],5.38
net394,5.38
_0051_,5.34
_0176_,5.34
_0675_,5.34
_0860_,5.34
_1426_,5.34
_1505_,5.34
_2278_,5.34
_2304_,5.34
i_exec_stage.exec_state_o\[19\],5.34
i_exec_stage.exec_state_o\[43\],5.34
_0274_,5.305
_0290_,5.305
_0688_,5.28
_1437_,5.28
_1596_,5.28
_1798_,5.28
_1855_,5.28
_2186_,5.28
_2250_,5.28
_0016_,5.26
_0099_,5.26
_0204_,5.26
_0974_,5.26
_1104_,5.26
_1197_,5.26
_1542_,5.26
_1549_,5.26
_1686_,5.26
_1752_,5.26
_1980_,5.26
_2272_,5.26
i_mem_slice_stage.mem_state_o\[70\],5.26
_1024_,5.24
_1155_,5.22
_1189_,5.22
_2247_,5.22
rf_rs2_i[31],5.19
rf_wr_data_o[30],5.19
_0299_,5.185
_1651_,5.16
_1696_,5.16
_0718_,5.14
_1600_,5.14
_2141_,5.14
_2338_,5.14
_1803_,5.11
_1740_,5.06
net74,5.06
net129,5.06
_0094_,5.04
_0175_,5.04
_1268_,5.04
net371,5.04
net412,5.04
_0173_,5.025
_1917_,5.02
_0120_,5
_1314_,5
net400,5
_1309_,4.94
_1482_,4.94
_1639_,4.94
_2020_,4.94
_0055_,4.92
_0187_,4.92
_0406_,4.92
_0955_,4.92
_1038_,4.92
_1096_,4.92
_1336_,4.92
_1372_,4.92
_1653_,4.92
_2104_,4.92
_2284_,4.92
_2288_,4.92
i_exec_stage.exec_state_o\[17\],4.92
net340,4.92
_0648_,4.9
_0281_,4.885
_0134_,4.88
_0342_,4.88
_0997_,4.88
_1577_,4.88
_1591_,4.88
_1724_,4.88
_1918_,4.88
_1969_,4.88
_2062_,4.88
_2187_,4.88
_2197_,4.88
_2306_,4.88
net299,4.85
dmem_addr_o[2],4.85
dmem_addr_o[4],4.85
dmem_req_o,4.85
rf_wr_data_o[31],4.85
_1063_,4.82
_2227_,4.82
_0392_,4.8
_0698_,4.8
_1279_,4.8
_1337_,4.8
_1453_,4.8
_1567_,4.8
_1597_,4.8
_1630_,4.8
_1949_,4.8
_2218_,4.8
i_exec_stage.exec_state_o\[40\],4.8
i_mem_slice_stage.mem_state_o\[37\],4.8
i_mem_slice_stage.mem_state_o\[57\],4.8
i_mem_slice_stage.mem_state_o\[69\],4.8
_0912_,4.795
_1719_,4.795
_0627_,4.76
_1160_,4.76
_2004_,4.76
_0209_,4.68
_1076_,4.68
_1850_,4.68
i_mem_slice_stage.mem_state_o\[64\],4.66
_1618_,4.635
_0110_,4.6
_0953_,4.6
_2150_,4.6
_0021_,4.58
_0061_,4.58
_1717_,4.58
_2119_,4.58
_0783_,4.56
_0020_,4.54
_0060_,4.54
_0214_,4.54
_0250_,4.54
i_mem_slice_stage.mem_state_o\[43\],4.54
i_mem_slice_stage.mem_state_o\[54\],4.54
_0116_,4.48
_0808_,4.48
_1147_,4.48
_1694_,4.48
_1737_,4.48
_1795_,4.47
_0114_,4.465
_0049_,4.46
_0087_,4.46
_0184_,4.46
_0195_,4.46
_0389_,4.46
_0442_,4.46
_0459_,4.46
_0499_,4.46
_1342_,4.46
_1569_,4.46
_1714_,4.46
_2128_,4.46
_2275_,4.46
_2300_,4.46
_2315_,4.46
net350,4.46
_1175_,4.445
_2169_,4.44
_0066_,4.42
_0350_,4.42
_1999_,4.42
_2261_,4.42
_2276_,4.42
_2283_,4.42
_0269_,4.385
_0284_,4.385
_1973_,4.36
_2313_,4.36
_0356_,4.34
_0517_,4.34
_0804_,4.34
_1203_,4.34
_1384_,4.34
_1513_,4.34
_1556_,4.34
_2026_,4.34
_2072_,4.34
_2226_,4.34
i_exec_stage.exec_state_o\[56\],4.34
i_mem_slice_stage.mem_state_o\[44\],4.34
i_mem_slice_stage.mem_state_o\[39\],4.24
i_mem_slice_stage.mem_state_o\[58\],4.24
_0091_,4.22
_0130_,4.22
_0158_,4.22
_1738_,4.22
_1753_,4.22
_1246_,4.2
_0103_,4.14
_1069_,4.14
_2121_,4.14
i_mem_slice_stage.pre_data\[20\],4.14
_0272_,4.125
_0042_,4.12
_0070_,4.12
_0082_,4.12
_0172_,4.12
_0185_,4.12
_0237_,4.12
_1605_,4.12
_0878_,4.1
_0092_,4.08
_0143_,4.08
_0300_,4.045
_0169_,4.02
_0888_,4.02
_1061_,4.02
_1707_,4.01
_0024_,4
_0068_,4
_0084_,4
_0101_,4
_0109_,4
_0132_,4
_0305_,4
_0823_,4
_1133_,4
_1150_,4
_1466_,4
_1625_,4
_1748_,4
_1889_,4
_1961_,4
_1991_,4
_2228_,4
_2259_,4
net397,4
_0872_,3.98
_1731_,3.98
_2116_,3.98
_0287_,3.965
_0298_,3.965
_1422_,3.9
_1958_,3.9
_1963_,3.9
_2122_,3.9
_2314_,3.9
i_exec_stage.exec_state_o\[13\],3.9
_0562_,3.88
_0639_,3.88
_1089_,3.88
_1471_,3.88
_1548_,3.88
_1583_,3.88
_1672_,3.88
_1711_,3.88
_1723_,3.88
_1744_,3.88
_2236_,3.88
_2303_,3.88
_0200_,3.845
_0000_,3.78
_1146_,3.78
_1380_,3.78
_1849_,3.78
i_mem_slice_stage.mem_state_o\[1\],3.78
_0053_,3.76
_0122_,3.76
_0216_,3.76
net376,3.76
net80,3.74
_0126_,3.705
_1124_,3.68
_1643_,3.68
_0019_,3.66
_0059_,3.66
_0098_,3.66
_0155_,3.66
_0196_,3.66
_0233_,3.66
_0238_,3.66
_1048_,3.66
_1302_,3.66
_1559_,3.66
i_mem_slice_stage.mem_state_o\[68\],3.66
net363,3.66
net368,3.66
net377,3.66
net408,3.66
_0280_,3.655
_1610_,3.64
_0984_,3.63
_0252_,3.585
_0011_,3.56
_0041_,3.56
_0047_,3.56
_0074_,3.56
_0076_,3.56
_0224_,3.56
_0245_,3.56
_0254_,3.56
_0918_,3.56
_1704_,3.56
i_exec_stage.exec_state_o\[12\],3.56
i_exec_stage.exec_state_o\[33\],3.56
_1066_,3.55
_0057_,3.54
_0071_,3.54
_0207_,3.54
_0234_,3.54
_1037_,3.54
_1271_,3.54
_1419_,3.54
_1515_,3.54
_1622_,3.54
_2172_,3.54
_2173_,3.54
_2188_,3.54
_2221_,3.54
i_exec_stage.exec_state_o\[47\],3.54
net379,3.54
net396,3.54
_0168_,3.52
_2092_,3.52
_0239_,3.44
_0907_,3.44
_1981_,3.44
_1990_,3.44
_2274_,3.44
_0877_,3.42
_1232_,3.42
_1407_,3.42
_1449_,3.42
_1462_,3.42
_1483_,3.42
_1584_,3.42
_1631_,3.42
_1712_,3.42
_1759_,3.42
_2017_,3.42
_2307_,3.42
_2328_,3.42
net27,3.42
_0293_,3.405
_0273_,3.34
_0288_,3.34
_1410_,3.32
_1465_,3.32
_0190_,3.3
_1797_,3.3
_2241_,3.3
_0277_,3.245
_0141_,3.225
_0259_,3.225
_0304_,3.225
_0437_,3.22
_0531_,3.22
_1128_,3.22
_1623_,3.22
net78,3.22
_0017_,3.2
_0022_,3.2
_0025_,3.2
_0032_,3.2
_0072_,3.2
_0148_,3.2
_0149_,3.2
_0189_,3.2
_1040_,3.2
_1763_,3.2
i_mem_slice_stage.mem_state_o\[62\],3.2
_1802_,3.19
_0081_,3.18
_1575_,3.18
_1592_,3.18
_0267_,3.145
_0029_,3.1
_0045_,3.1
_0056_,3.1
_0062_,3.1
_0067_,3.1
_0073_,3.1
_0128_,3.1
_0133_,3.1
_0136_,3.1
_0147_,3.1
_0151_,3.1
_0152_,3.1
_0170_,3.1
_0183_,3.1
_0186_,3.1
_0192_,3.1
_0221_,3.1
_0236_,3.1
_0246_,3.1
_0257_,3.1
_0258_,3.1
_0261_,3.1
_0581_,3.1
_0668_,3.1
_1231_,3.1
_2146_,3.1
_2153_,3.1
i_mem_slice_stage.mem_state_o\[60\],3.1
i_mem_slice_stage.mem_state_o\[66\],3.1
_0058_,3.08
_0077_,3.08
_0108_,3.08
_0113_,3.08
_0215_,3.08
_0220_,3.08
_0242_,3.08
_0260_,3.08
_0401_,3.08
_1721_,3.08
_1818_,3.08
_2060_,3.08
_2189_,3.08
_2324_,3.08
i_exec_stage.exec_state_o\[45\],3.08
_1533_,3.06
_1205_,2.99
_1474_,2.99
_0576_,2.98
_0150_,2.96
_0157_,2.96
_0223_,2.96
_1021_,2.96
_1363_,2.96
_1629_,2.96
_1682_,2.96
_1726_,2.96
_1975_,2.96
_2001_,2.96
_2164_,2.96
_2230_,2.96
_2312_,2.96
i_mem_slice_stage.mem_state_o\[51\],2.96
_0276_,2.945
_0297_,2.945
_1368_,2.87
_1139_,2.86
_0039_,2.84
_0203_,2.84
_0410_,2.84
_0968_,2.84
i_mem_slice_stage.mem_state_o\[61\],2.84
_0292_,2.785
_0085_,2.765
_0095_,2.76
_1558_,2.76
_1635_,2.76
_2130_,2.76
i_mem_slice_stage.mem_state_o\[63\],2.76
_0006_,2.74
_0027_,2.74
_0052_,2.74
_0069_,2.74
_0121_,2.74
_0123_,2.74
_0211_,2.74
_0217_,2.74
_0219_,2.74
_0247_,2.74
_1547_,2.74
net197,2.74
_1537_,2.73
_0294_,2.715
_0212_,2.665
_0107_,2.64
_0115_,2.64
_0407_,2.64
_2096_,2.64
i_mem_slice_stage.mem_state_o\[42\],2.64
i_mem_slice_stage.mem_state_o\[46\],2.64
_0038_,2.62
_0048_,2.62
_0227_,2.62
_0243_,2.62
_0253_,2.62
_0443_,2.62
_0607_,2.62
_1172_,2.62
_1400_,2.62
_1470_,2.62
_1564_,2.62
_1578_,2.62
_1728_,2.62
_1904_,2.62
_2040_,2.62
_2074_,2.62
_2208_,2.62
_2232_,2.62
i_exec_stage.exec_state_o\[16\],2.62
i_exec_stage.exec_state_o\[32\],2.62
i_exec_stage.exec_state_o\[35\],2.62
i_exec_stage.exec_state_o\[50\],2.62
net101,2.62
net399,2.62
_1253_,2.6
_0286_,2.595
_1098_,2.52
_1494_,2.52
_1582_,2.52
_1965_,2.52
_2102_,2.52
_2244_,2.52
_0065_,2.5
_0380_,2.5
_0895_,2.5
_0943_,2.5
_1307_,2.5
_1323_,2.5
_1353_,2.5
_1499_,2.5
_1510_,2.5
_1761_,2.5
_1806_,2.5
_2000_,2.5
_2238_,2.5
_2239_,2.5
_2299_,2.5
_2317_,2.5
_2320_,2.5
_0278_,2.325
_0144_,2.305
_1658_,2.3
_2129_,2.3
i_mem_slice_stage.mem_state_o\[40\],2.3
i_mem_slice_stage.mem_state_o\[45\],2.3
i_mem_slice_stage.mem_state_o\[55\],2.3
i_mem_slice_stage.mem_state_o\[65\],2.3
net349,2.3
_0112_,2.28
_0135_,2.28
_0160_,2.28
_0161_,2.28
_0197_,2.28
_0228_,2.28
_0231_,2.28
_0256_,2.28
_1161_,2.28
_1276_,2.28
_0536_,2.18
_1046_,2.18
_1354_,2.18
_1746_,2.18
_1896_,2.18
_2023_,2.18
i_exec_stage.exec_state_o\[53\],2.18
_1085_,2.17
_0013_,2.16
_0064_,2.16
_0229_,2.16
_0230_,2.16
_0433_,2.16
_0635_,2.16
_1047_,2.16
_1385_,2.16
_1535_,2.16
_1669_,2.16
_1984_,2.16
_1987_,2.16
_2177_,2.16
_2216_,2.16
_2281_,2.16
i_mem_slice_stage.mem_state_o\[41\],2.16
_2086_,2.15
_0301_,2.125
_0266_,2.085
_0302_,2.085
_1224_,2.06
_1320_,2.06
_1333_,2.06
_1952_,2.06
_1957_,2.06
_2005_,2.06
_2163_,2.06
_2246_,2.06
_2271_,2.06
_0425_,2.04
_0856_,2.04
_1318_,2.04
_1418_,2.04
i_exec_stage.exec_state_o\[30\],2.04
_0232_,2.005
_1788_,1.94
_2039_,1.94
_0270_,1.865
_0279_,1.865
_0289_,1.865
_0093_,1.845
_0100_,1.84
_0426_,1.84
_1192_,1.84
_1210_,1.84
_1269_,1.84
_1289_,1.84
_1733_,1.84
_1754_,1.84
_1835_,1.84
net360,1.84
net402,1.84
_0033_,1.82
_0050_,1.82
_0145_,1.82
_0188_,1.82
_0241_,1.82
_0249_,1.82
_0251_,1.82
_1349_,1.82
_1524_,1.82
_1762_,1.82
net381,1.82
_1262_,1.72
_1514_,1.72
_1609_,1.72
_2066_,1.72
i_decode_stage.decode_state_o\[235\],1.72
_0054_,1.7
_0193_,1.7
_0349_,1.7
_0351_,1.7
_1215_,1.7
_1325_,1.7
_1378_,1.7
_1534_,1.7
_1574_,1.7
_1760_,1.7
_1916_,1.7
_1953_,1.7
_2038_,1.7
_2166_,1.7
_2279_,1.7
_2287_,1.7
_2025_,1.6
_2156_,1.6
_2168_,1.6
_2292_,1.6
_2305_,1.6
_0018_,1.545
_0240_,1.545
_1983_,1.48
_1209_,1.38
_1258_,1.38
_1301_,1.38
_2126_,1.38
_0075_,1.36
_0125_,1.36
_0244_,1.36
_1420_,1.36
_1490_,1.36
_2076_,1.29
_0331_,1.14
_1200_,1.14
_1230_,1.14
_1912_,1.14
_1919_,1.14
_1954_,1.14
_1956_,1.14
_1966_,1.14
_1977_,1.14
_1978_,1.14
_1988_,1.14
_1989_,1.14
_1992_,1.14
_1994_,1.14
_2016_,1.14
_2018_,1.14
_2157_,1.14
_2159_,1.14
_2181_,1.14
_2192_,1.14
_2219_,1.14
_2220_,1.14
_2233_,1.14
_2251_,1.14
_2256_,1.14
_2257_,1.14
_2265_,1.14
_2267_,1.14
_2270_,1.14
_2280_,1.14
_2282_,1.14
_2294_,1.14
_2297_,1.14
_2316_,1.14
_2325_,1.14
_1352_,1.02
_0414_,0.92
_0423_,0.92
_0585_,0.92
_0724_,0.92
_0732_,0.92
_0781_,0.92
_1002_,0.92
_1213_,0.92
_1773_,0.92
_0431_,0.8
i_exec_stage.exec_state_o\[11\],0.8
i_exec_stage.exec_state_o\[26\],0.8
i_exec_stage.exec_state_o\[27\],0.8
i_exec_stage.exec_state_o\[31\],0.8
i_exec_stage.exec_state_o\[34\],0.8
i_exec_stage.exec_state_o\[38\],0.8
i_exec_stage.exec_state_o\[55\],0.8
i_exec_stage.exec_state_o\[60\],0.8
i_exec_stage.reg_meta_o\[0\],0.8
i_exec_stage.valid_o,0.8
_1411_,0.46
_1440_,0.46
_1709_,0.46
